"";"X";"Sample1";"Sample2";"Sample3";"Sample4";"Sample5";"Sample6";"Sample7";"Sample8";"Sample9";"Sample10";"Sample11";"Sample12";"Sample13";"Sample14";"Sample15";"Sample16"
"1";"HIST2H2AB";15,3268436737412;13,8996361624431;15,0833701162124;15,678225351194;15,0317525886362;14,869008037415;15,0910085488961;14,6729462658042;1,0763599846776;1,0763599846776;14,5201556343156;1,0763599846776;1,0763599846776;1,0763599846776;1,0763599846776;1,0763599846776
"2";"KRT79";13,0728950248677;13,5310267300812;11,6720642056207;1,0763599846776;13,082586432095;1,0763599846776;1,0763599846776;12,9678516583813;1,0763599846776;1,0763599846776;1,0763599846776;13,1495613980548;13,1296096000021;14,2476635578356;13,6470216701925;1,0763599846776
"3";"HIST1H3A";14,1957041367837;13,4528829710899;14,3509146897808;14,1286605238541;13,616562981876;13,9584302654404;14,0339594686434;14,193057107014;1,0763599846776;1,0763599846776;13,7542049388546;1,0763599846776;1,0763599846776;13,1769417774391;1,0763599846776;13,3374875847197
"4";"TUBA1B";13,7222815279429;13,0515104476807;1,0763599846776;13,3128273925636;1,0763599846776;12,9295031662818;12,7704526087819;12,8431820010687;12,3946758004877;1,0763599846776;12,7295927206299;1,0763599846776;1,0763599846776;1,0763599846776;1,0763599846776;12,9093787494322
"5";"TUBA1C";1,0763599846776;1,0763599846776;12,6307016313361;1,0763599846776;12,9347351921681;1,0763599846776;1,0763599846776;1,0763599846776;1,0763599846776;12,5319561320948;1,0763599846776;12,0810569837425;12,8443335897026;12,8726666307069;12,4597646092633;12,9093787494322
"6";"POTEF";14,7658903053326;1,0763599846776;14,7902582701928;14,1439087697726;1,0763599846776;1,0763599846776;1,0763599846776;1,0763599846776;1,0763599846776;1,0763599846776;13,9829092187062;1,0763599846776;1,0763599846776;1,0763599846776;1,0763599846776;1,0763599846776
"7";"KRT5";1,0763599846776;12,87444133752;11,5768099864288;1,0763599846776;1,0763599846776;1,0763599846776;13,4227932574391;12,2377741322718;1,0763599846776;13,2802244249252;13,5395297249023;12,0455480900026;14,9802835614446;10,7923102481915;13,1453902253106;13,414408113022
"8";"TUBA4A";1,0763599846776;1,0763599846776;1,0763599846776;1,0763599846776;1,0763599846776;12,8983339374863;12,6454092362123;1,0763599846776;1,0763599846776;12,4704055392003;1,0763599846776;1,0763599846776;1,0763599846776;12,5181234638767;1,0763599846776;12,7811437049826
"9";"TRAP1";1,0763599846776;11,6400205252909;1,0763599846776;11,3941657900579;13,2993332132383;1,0763599846776;1,0763599846776;1,0763599846776;10,8152779758184;1,0763599846776;11,2772796030649;1,0763599846776;11,697866661554;1,0763599846776;11,471061627252;1,0763599846776
"10";"POTEE";1,0763599846776;15,2478393034525;1,0763599846776;1,0763599846776;1,0763599846776;14,4751037859083;1,0763599846776;1,0763599846776;1,0763599846776;1,0763599846776;1,0763599846776;1,0763599846776;1,0763599846776;1,0763599846776;1,0763599846776;14,0763622317748
"11";"KRT75";1,0763599846776;1,0763599846776;1,0763599846776;1,0763599846776;12,6095708325778;1,0763599846776;1,0763599846776;1,0763599846776;1,0763599846776;1,0763599846776;14,0900846252026;12,3725851837925;1,0763599846776;1,0763599846776;13,5371319816065;1,0763599846776
"12";"OSBPL2";1,0763599846776;13,5013348356408;1,0763599846776;1,0763599846776;12,2707291711527;1,0763599846776;1,0763599846776;1,0763599846776;1,0763599846776;1,0763599846776;1,0763599846776;1,0763599846776;7,8988682224441;1,0763599846776;12,5662231871808;13,4338886804873
"13";"KRT6A";1,0763599846776;1,0763599846776;1,0763599846776;1,0763599846776;1,0763599846776;12,021452647592;1,0763599846776;12,5075977854864;13,1265908747165;1,0763599846776;13,7548680271882;1,0763599846776;1,0763599846776;1,0763599846776;1,0763599846776;1,0763599846776
"14";"EEF1A2";1,0763599846776;1,0763599846776;12,9772654552958;12,4552758232949;1,0763599846776;1,0763599846776;1,0763599846776;1,0763599846776;1,0763599846776;1,0763599846776;13,0315634111832;12,3117395240297;1,0763599846776;1,0763599846776;1,0763599846776;1,0763599846776
"15";"GSTM1";7,61254581648899;1,0763599846776;1,0763599846776;1,0763599846776;13,9566528857021;1,0763599846776;1,0763599846776;1,0763599846776;1,0763599846776;7,81565082302615;13,6578785195;1,0763599846776;9,65083614100389;13,3497715254234;6,2925505538195;1,0763599846776
"16";"KRT20";12,9013257663297;13,0320953544241;11,0533536976419;11,2441201081395;11,1066426347757;11,1125483316907;1,0763599846776;1,0763599846776;13,6070084165457;1,0763599846776;13,2534740647316;13,2824678626341;13,1475688820134;13,0348176778375;12,8357903075554;1,0763599846776
"17";"KRT10";11,1583600481107;12,3921906670286;1,0763599846776;1,0763599846776;1,0763599846776;11,1754922153362;12,6018516451955;1,0763599846776;1,0763599846776;11,970710340124;1,0763599846776;1,0763599846776;1,0763599846776;1,0763599846776;1,0763599846776;1,0763599846776
"18";"H3F3A";1,0763599846776;1,0763599846776;1,0763599846776;1,0763599846776;13,616562981876;1,0763599846776;1,0763599846776;14,193057107014;13,4750003155915;1,0763599846776;1,0763599846776;1,0763599846776;1,0763599846776;1,0763599846776;1,0763599846776;1,0763599846776
"19";"NME1";1,0763599846776;10,8218286922345;11,6210460949642;11,4389870850813;11,2720103033326;10,4591078408322;1,0763599846776;1,0763599846776;1,0763599846776;1,0763599846776;12,5440336573574;9,58798279556789;1,0763599846776;1,0763599846776;10,5748098367302;10,0365252322398
"20";"KRT13";1,0763599846776;13,550531385452;11,6031578387015;1,0763599846776;1,0763599846776;11,8804647789336;13,3412472103828;13,1278544674116;13,9738467888435;13,6383656206721;13,846053009641;13,5637633751581;14,2825548040745;13,7060431460618;13,6787894755705;14,0499647382819
"21";"RAB1A";1,0763599846776;10,7092492090128;10,5531512231128;10,4413877204037;11,0277247803248;10,8030158832417;10,8001455750614;10,715964882406;1,0763599846776;1,0763599846776;1,0763599846776;1,0763599846776;1,0763599846776;1,0763599846776;10,694724426067;1,0763599846776
"22";"MYH11";11,2923556637474;1,0763599846776;10,5785917562382;10,3785212155641;10,4556789437548;1,0763599846776;10,3334853986032;1,0763599846776;1,0763599846776;11,1554354995003;1,0763599846776;10,4062952671959;9,94552336291711;1,0763599846776;1,0763599846776;1,0763599846776
"23";"DES";9,18357510758333;1,0763599846776;1,0763599846776;9,70008406973986;10,7368543185444;1,0763599846776;11,6914184676865;1,0763599846776;1,0763599846776;11,8256025569227;1,0763599846776;11,565290780913;1,0763599846776;1,0763599846776;1,0763599846776;1,0763599846776
"24";"S100A2";1,0763599846776;11,8066103537707;1,0763599846776;1,0763599846776;1,0763599846776;1,0763599846776;11,0661335749532;10,7227684386751;9,72262944457592;8,12308582815862;1,0763599846776;1,0763599846776;11,3291865363404;9,10172750972042;8,87191381316502;11,4128406772589
"25";"FAM69A";1,0763599846776;1,0763599846776;1,0763599846776;9,76259546601676;1,0763599846776;1,0763599846776;1,0763599846776;11,0452520385514;1,0763599846776;1,0763599846776;9,8128679655598;11,6531244691208;1,0763599846776;11,961144058763;8,93547504823178;1,0763599846776
"26";"FABP4";1,0763599846776;1,0763599846776;7,37586281735806;14,2760181163073;1,0763599846776;1,0763599846776;8,87139131022933;10,1758465595617;1,0763599846776;10,136617248728;1,0763599846776;10,2575231068065;11,8662461461267;9,51988771241535;9,79724680857039;8,6510203911325
"27";"ACTC1";1,0763599846776;15,5762615906296;14,9918860651237;1,0763599846776;15,0540357414036;14,6793877895488;15,6333362236413;15,0499475998864;14,3768997435838;15,4863600171962;14,2244409997058;15,4248674792804;14,9969114528981;14,200995621964;14,4225690030676;14,6219665140583
"28";"AKR1C2";13,2385033250895;1,0763599846776;1,0763599846776;11,69240753004;9,95710711075021;10,9714262273247;10,9506644673537;10,267091933226;1,0763599846776;1,0763599846776;9,7285735543499;9,81369837430625;1,0763599846776;11,5610572716362;9,40473563547654;11,1375429326549
"29";"MYL9";1,0763599846776;1,0763599846776;1,0763599846776;9,8214309410953;9,99966397565566;1,0763599846776;10,8770151522363;1,0763599846776;1,0763599846776;10,8150283527448;1,0763599846776;10,6689077579678;9,86901599053212;1,0763599846776;1,0763599846776;1,0763599846776
"30";"CKB";8,71163761674284;1,0763599846776;1,0763599846776;11,4320907369533;1,0763599846776;1,0763599846776;1,0763599846776;1,0763599846776;9,86659887105005;8,32346928134536;11,2024472722444;1,0763599846776;1,0763599846776;11,3538585463571;9,10804035796493;1,0763599846776
"31";"HIST1H2AH";1,0763599846776;14,2258190357092;14,9418969767272;1,0763599846776;15,0062467107062;14,9322811106762;14,9262744939896;14,7705313282538;14,5572540238027;14,5674441616943;14,4022381279441;14,4317112699299;14,6270991077476;14,043563398718;13,9004437605668;14,1361759158096
"32";"S100A10";9,99573701982438;10,0261848553207;9,79308976135519;9,67856608166414;1,0763599846776;9,94398235225731;11,6966829619056;1,0763599846776;10,7451068570653;10,779323766702;1,0763599846776;1,0763599846776;1,0763599846776;1,0763599846776;8,29504536302122;11,1505391458745
"33";"KRT1";9,75440326856776;9,74436585151645;1,0763599846776;1,0763599846776;1,0763599846776;10,2880309189902;9,84035581049905;9,51283686216668;9,88818488333;9,29230401640721;1,0763599846776;1,0763599846776;1,0763599846776;11,0897116637224;1,0763599846776;1,0763599846776
"34";"TPM2";1,0763599846776;10,506728718384;9,20077974740099;9,95119896319186;10,1831647592466;9,63808102242656;1,0763599846776;9,13176371667909;1,0763599846776;11,635487257327;9,23520308588476;11,0452826631657;10,1486290141431;1,0763599846776;1,0763599846776;1,0763599846776
"35";"HLA-A";1,0763599846776;11,9815849398383;1,0763599846776;1,0763599846776;1,0763599846776;1,0763599846776;10,0391526337237;11,5205113805176;1,0763599846776;1,0763599846776;10,2504899729788;1,0763599846776;8,82396575010547;1,0763599846776;1,0763599846776;1,0763599846776
"36";"RAB11B";9,54599273410608;1,0763599846776;1,0763599846776;9,27678293540372;1,0763599846776;9,67758892834535;9,64850846489204;1,0763599846776;11,0579698082586;9,74417074477989;10,248022258784;1,0763599846776;1,0763599846776;1,0763599846776;1,0763599846776;9,66749669141044
"37";"DCN";8,64580594664698;8,48190855637851;8,87426597337857;1,0763599846776;9,05859250557574;1,0763599846776;11,2062653617202;1,0763599846776;1,0763599846776;11,3573618536235;1,0763599846776;10,3039189366754;9,38065826784075;1,0763599846776;1,0763599846776;1,0763599846776
"38";"PRDX4";10,7180306731422;1,0763599846776;10,697582380152;10,7201746532988;1,0763599846776;10,1639269726779;1,0763599846776;1,0763599846776;1,0763599846776;1,0763599846776;1,0763599846776;1,0763599846776;1,0763599846776;9,8081848544935;1,0763599846776;1,0763599846776
"39";"FMO1";11,9264229391221;1,0763599846776;1,0763599846776;1,0763599846776;1,0763599846776;1,0763599846776;1,0763599846776;1,0763599846776;9,86967730466564;1,0763599846776;1,0763599846776;1,0763599846776;10,18791562511;1,0763599846776;11,7642316029317;1,0763599846776
"40";"GSTM2";1,0763599846776;1,0763599846776;1,0763599846776;9,99655607653267;13,6140591474382;1,0763599846776;1,0763599846776;1,0763599846776;1,0763599846776;1,0763599846776;1,0763599846776;1,0763599846776;1,0763599846776;1,0763599846776;11,7635828729719;1,0763599846776
"41";"RAB1B";11,1356771220406;1,0763599846776;10,5531512231128;10,4413877204037;1,0763599846776;1,0763599846776;10,8001455750614;10,715964882406;11,022802028113;10,8626397395676;10,8889122586811;1,0763599846776;10,3257359932666;10,8794271072554;10,694724426067;10,7848802169732
"42";"RAB11A";1,0763599846776;9,37309306679619;9,71591692241768;1,0763599846776;9,74384014616426;1,0763599846776;1,0763599846776;9,16113496526083;1,0763599846776;1,0763599846776;1,0763599846776;9,24565185815745;8,87447536815441;8,78550447041596;9,86168190494263;1,0763599846776
"43";"ANXA10";1,0763599846776;9,46998392932673;8,94141344397635;1,0763599846776;1,0763599846776;1,0763599846776;10,4208329845732;8,06695570290585;1,0763599846776;1,0763599846776;1,0763599846776;9,29555917859085;9,96977510823631;9,73463315941418;7,50090027840982;10,1741775174067
"44";"ST13";9,6881101897646;9,69417324503397;10,5332348241471;9,74526365849674;9,28997299056734;9,66626709414041;1,0763599846776;1,0763599846776;8,75422040285677;1,0763599846776;9,30107408347979;8,98630130496107;1,0763599846776;1,0763599846776;9,52634834570081;1,0763599846776
"45";"RDX";10,6295204251099;1,0763599846776;1,0763599846776;1,0763599846776;1,0763599846776;1,0763599846776;1,0763599846776;1,0763599846776;8,90722724366509;9,65857975629627;1,0763599846776;9,55824717547626;1,0763599846776;1,0763599846776;10,310744710104;1,0763599846776
"46";"ARF5";9,76932695647182;9,43894683368967;1,0763599846776;9,14259571010652;1,0763599846776;9,65218214261074;1,0763599846776;1,0763599846776;1,0763599846776;1,0763599846776;9,38776629699271;1,0763599846776;1,0763599846776;1,0763599846776;9,75858778348761;1,0763599846776
"47";"GDI1";10,6682073709196;1,0763599846776;8,82830036477732;1,0763599846776;1,0763599846776;1,0763599846776;8,7627747609816;1,0763599846776;1,0763599846776;1,0763599846776;1,0763599846776;8,65489391947431;1,0763599846776;8,94634657148896;9,2679077099079;9,47903699700801
"48";"SLC25A6";10,8839137367058;10,5576677778668;11,0275351919117;10,620168014569;10,1551822810205;10,8850561783851;9,97693088421799;10,7981680404649;10,4155981607362;9,68056193600909;1,0763599846776;1,0763599846776;1,0763599846776;10,4256118134747;1,0763599846776;9,8354636982727
"49";"GSTM3";7,78041101107568;1,0763599846776;10,6022561986344;10,1886910349217;12,4843080271327;9,02792989636882;8,42823030258742;1,0763599846776;1,0763599846776;9,23672309718733;11,0441751270452;5,87219771689106;1,0763599846776;12,1725235224522;10,9626018554264;8,84173639192517
"50";"NCCRP1";1,0763599846776;1,0763599846776;1,0763599846776;1,0763599846776;8,69171657270362;7,86032260964077;8,36413830858809;1,0763599846776;1,0763599846776;9,4534768891428;9,38608216447165;1,0763599846776;1,0763599846776;1,0763599846776;9,69301129525963;10,7174677129612
"51";"SIGLEC16";8,39036434621634;9,62624700985085;9,9497873030112;8,28794174555241;1,0763599846776;9,07979533352919;10,2482619848057;12,8443831092306;7,78860237180914;9,79313733832564;9,32123307651349;1,0763599846776;1,0763599846776;1,0763599846776;1,0763599846776;9,50275314951215
"52";"HNRNPH1";9,86028066810799;1,0763599846776;9,9401684099324;10,024392916235;10,2737273639251;1,0763599846776;9,1813841914644;10,2437272050571;1,0763599846776;9,19589675842103;1,0763599846776;9,54751056254378;9,94104613970025;9,33162878375288;1,0763599846776;9,32561443767083
"53";"H2AFY2";1,0763599846776;1,0763599846776;9,46558968407038;1,0763599846776;9,5297612142416;9,01653300257713;10,5819440908852;9,36938874838623;9,1799738376083;9,82319934432726;9,01994070117934;1,0763599846776;9,77310893215182;10,6172965937878;1,0763599846776;10,2384656228445
"54";"AKR1C3";14,2322741762931;10,5916317698489;10,6964170974791;11,7251033680312;9,92562090254297;11,5142502476357;11,0505525063909;10,267091933226;1,0763599846776;1,0763599846776;9,98232248402784;10,0840294149201;1,0763599846776;12,1441709236457;9,54510109564511;11,1369624514687
"55";"JMJD7";1,0763599846776;10,5359080161614;9,29565494299492;8,61194920517808;9,24258921104938;1,0763599846776;1,0763599846776;1,0763599846776;10,4882368210853;1,0763599846776;1,0763599846776;1,0763599846776;1,0763599846776;1,0763599846776;1,0763599846776;1,0763599846776
"56";"RAB13";9,42540093237393;8,6776863285488;1,0763599846776;9,34933208398296;1,0763599846776;9,0401828729407;1,0763599846776;1,0763599846776;9,26594589589635;1,0763599846776;8,97776771943058;1,0763599846776;1,0763599846776;1,0763599846776;1,0763599846776;9,1473011536979
"57";"RPL13AP3";1,0763599846776;1,0763599846776;1,0763599846776;9,74686988342788;1,0763599846776;9,43854192628163;9,37416501143248;1,0763599846776;9,84469291009137;9,68672090965382;9,32921099623801;9,69653893109821;9,47042021047824;9,22139396398642;9,99381979899929;9,76914129481763
"58";"CTSE";1,0763599846776;6,53203824125439;1,0763599846776;1,0763599846776;1,0763599846776;1,0763599846776;1,0763599846776;1,0763599846776;8,67487557313946;8,25511860073225;1,0763599846776;11,6124319360685;1,0763599846776;10,9078074150319;1,0763599846776;7,25912901850104
"59";"CRIP2";8,5981189141543;9,69704905957272;9,69624543432839;9,33744001484341;8,14830932723047;1,0763599846776;9,01247739412503;1,0763599846776;9,74775432650184;10,1686464934197;1,0763599846776;9,35833914492733;1,0763599846776;1,0763599846776;10,5332350640265;9,9474681100689
"60";"TMEM97";1,0763599846776;1,0763599846776;9,42607558413799;1,0763599846776;9,66484421863508;9,86856323510418;1,0763599846776;1,0763599846776;1,0763599846776;1,0763599846776;8,82473726299932;8,39509915090798;1,0763599846776;8,64814877646565;1,0763599846776;1,0763599846776
"61";"ABHD12B";7,64906535185516;10,9419013207822;7,51171738878575;10,3466469678707;7,25971874788693;9,61930611670565;1,0763599846776;10,2383067596423;1,0763599846776;1,0763599846776;6,91845814950051;1,0763599846776;7,70785363061891;1,0763599846776;10,0561274217401;1,0763599846776
"62";"TMEM165";9,98958541563873;1,0763599846776;1,0763599846776;1,0763599846776;9,15877977650599;1,0763599846776;1,0763599846776;1,0763599846776;8,05993785591273;1,0763599846776;8,75871898999651;1,0763599846776;1,0763599846776;9,06918434260171;9,04115230489233;8,31810895411492
"63";"HSD17B11";8,93281371251384;1,0763599846776;9,42862068149338;1,0763599846776;9,01394552964694;8,4870462153334;1,0763599846776;1,0763599846776;1,0763599846776;1,0763599846776;1,0763599846776;8,61443488668912;1,0763599846776;8,95307070707129;8,83348108569843;1,0763599846776
"64";"OGN";7,66415441871525;1,0763599846776;7,69470478105384;1,0763599846776;1,0763599846776;1,0763599846776;10,1144134600305;1,0763599846776;1,0763599846776;11,2952751126645;1,0763599846776;9,74738255976962;1,0763599846776;1,0763599846776;1,0763599846776;1,0763599846776
"65";"HMGB2";9,81742158401263;7,78841271232916;8,25522614357956;10,0172718926187;1,0763599846776;8,86523255734992;1,0763599846776;8,60870297365851;1,0763599846776;1,0763599846776;7,85946004379741;1,0763599846776;1,0763599846776;9,13470875755405;1,0763599846776;1,0763599846776
"66";"RAB6A";11,0507998001298;1,0763599846776;1,0763599846776;1,0763599846776;1,0763599846776;1,0763599846776;1,0763599846776;1,0763599846776;11,1565499311197;1,0763599846776;10,9066416981915;1,0763599846776;1,0763599846776;1,0763599846776;1,0763599846776;1,0763599846776
"67";"CRABP2";10,1313459429779;9,00807364926808;10,4186937797085;1,0763599846776;1,0763599846776;1,0763599846776;1,0763599846776;1,0763599846776;1,0763599846776;8,12480152420402;7,21071780185852;1,0763599846776;1,0763599846776;1,0763599846776;9,05559557083886;7,39519135070646
"68";"COX6A1";1,0763599846776;8,9388527683699;8,29386795900357;9,43898591209179;8,35255352785232;8,46115092170748;9,63832662687509;10,1144806283646;9,26929989195944;1,0763599846776;8,5486622124664;1,0763599846776;1,0763599846776;1,0763599846776;9,24252328134997;1,0763599846776
"69";"HNRNPH2";1,0763599846776;9,5508872583963;1,0763599846776;1,0763599846776;1,0763599846776;9,78144212427508;1,0763599846776;1,0763599846776;9,74101633693594;1,0763599846776;9,31904093507;1,0763599846776;1,0763599846776;1,0763599846776;8,6855621080572;1,0763599846776
"70";"ST13P4";1,0763599846776;1,0763599846776;1,0763599846776;1,0763599846776;1,0763599846776;1,0763599846776;9,90782077644361;7,23753097428899;1,0763599846776;9,56262003665417;1,0763599846776;1,0763599846776;9,12138556422656;9,12916984146309;1,0763599846776;8,81217186445578
"71";"ADH1B";1,0763599846776;1,0763599846776;13,0014554712446;1,0763599846776;1,0763599846776;1,0763599846776;8,02120312482228;1,0763599846776;1,0763599846776;9,50175356835093;1,0763599846776;8,10493622736872;1,0763599846776;1,0763599846776;1,0763599846776;1,0763599846776
"72";"BAZ1A";1,0763599846776;9,5422716129776;6,72789430550924;4,79204890561896;9,24710520053529;1,0763599846776;10,4967314047398;9,83123099193602;7,53672649879016;9,00491185182011;1,0763599846776;1,0763599846776;1,0763599846776;8,77178782130949;1,0763599846776;1,0763599846776
"73";"CD63";1,0763599846776;8,88333878787002;1,0763599846776;9,17438682873259;10,6123395890676;9,10127723214186;8,51342509005837;8,67570330889447;9,03322885743308;1,0763599846776;7,94549677021041;1,0763599846776;1,0763599846776;8,78085354458275;1,0763599846776;8,88700825148854
"74";"GNAS";1,0763599846776;1,0763599846776;1,0763599846776;9,48747199547688;1,0763599846776;1,0763599846776;1,0763599846776;1,0763599846776;9,84449482733149;1,0763599846776;8,16098596110331;1,0763599846776;1,0763599846776;7,49952988125026;1,0763599846776;11,0828751213506
"75";"COL1A1";8,54485633920612;8,78671404461697;9,56791052922493;7,72808758920377;8,06161029053056;1,0763599846776;11,4566154535799;1,0763599846776;1,0763599846776;11,1480129588853;7,46947291997927;9,62094199415766;9,23837902424629;1,0763599846776;1,0763599846776;7,00025317381798
"76";"SH3BGRL";7,80431404133582;9,04098469618345;1,0763599846776;1,0763599846776;1,0763599846776;1,0763599846776;9,02092755338968;8,71658410122946;1,0763599846776;1,0763599846776;1,0763599846776;8,83106398998829;9,15484926216454;1,0763599846776;1,0763599846776;8,69613432349291
"77";"GNAI1";1,0763599846776;1,0763599846776;10,1522754267853;9,21948212348983;1,0763599846776;1,0763599846776;1,0763599846776;9,87448786113053;1,0763599846776;1,0763599846776;1,0763599846776;1,0763599846776;10,0839763648681;1,0763599846776;1,0763599846776;1,0763599846776
"78";"RPL35";1,0763599846776;10,0012579684017;9,92199921526918;1,0763599846776;1,0763599846776;9,65243740101093;10,17730971052;10,0678130345649;9,9298945072177;1,0763599846776;8,48366811187221;10,0716924603609;10,0434523703065;9,40669752188907;10,3686065462794;9,68559638800893
"79";"PTGR1";9,41589931643024;1,0763599846776;8,36892649714468;7,14167037418675;1,0763599846776;1,0763599846776;8,63287117801005;1,0763599846776;1,0763599846776;1,0763599846776;7,61052408290293;1,0763599846776;9,32103307681651;9,2379771501101;7,66844576561048;10,204613760374
"80";"TAGLN";9,69884432458688;8,5245538259452;8,74980024905825;9,49986689356443;9,89832645042348;1,0763599846776;11,4555837729352;8,48970191938565;1,0763599846776;11,5342242768744;7,25145652939688;11,1703381532627;9,01061984140093;1,0763599846776;1,0763599846776;7,2439832200965
"81";"UGT1A10";1,0763599846776;1,0763599846776;1,0763599846776;1,0763599846776;1,0763599846776;7,91535271949865;1,0763599846776;8,5768689652338;8,66501616695829;9,33602137773202;8,82523395311329;1,0763599846776;1,0763599846776;9,88761165009378;1,0763599846776;1,0763599846776
"82";"C10orf67";1,0763599846776;8,15382316181895;1,0763599846776;8,60090396260568;1,0763599846776;9,2795884788894;1,0763599846776;1,0763599846776;1,0763599846776;1,0763599846776;1,0763599846776;8,91558738409453;8,25687238768159;8,54713577000054;1,0763599846776;9,02509202945021
"83";"TPSAB1";1,0763599846776;1,0763599846776;7,86284982813959;1,0763599846776;6,52215571334821;1,0763599846776;8,87473242270426;1,0763599846776;1,0763599846776;11,6572757269298;1,0763599846776;9,91004079668957;1,0763599846776;1,0763599846776;1,0763599846776;1,0763599846776
"84";"UPK3BL1";1,0763599846776;1,0763599846776;1,0763599846776;1,0763599846776;1,0763599846776;1,0763599846776;1,0763599846776;1,0763599846776;9,22627459799999;8,05050398322079;10,0537667441856;8,24275683697311;1,0763599846776;8,67516267891685;8,7435015650581;1,0763599846776
"85";"COL14A1";8,09073400775361;6,7686203150749;8,44338353762961;5,56541935608313;8,22845225573366;1,0763599846776;9,55928397976564;7,96289022736674;1,0763599846776;10,9566520613842;1,0763599846776;9,45239829748485;1,0763599846776;1,0763599846776;1,0763599846776;1,0763599846776
"86";"RAB10";10,9663563015489;10,5995794878111;1,0763599846776;1,0763599846776;10,8576595955733;10,5784367193121;10,7409622091166;10,5581580089534;10,9088665360171;10,7495769771928;10,7165356052759;1,0763599846776;10,5468549804287;10,6959316990851;10,5729275496633;10,7006122064714
"87";"HMGB3";9,31453314065463;8,67129945233442;8,66616315131454;8,7117291403101;8,87341419136963;8,34616494412619;1,0763599846776;1,0763599846776;7,6434614667064;1,0763599846776;9,34990452778681;1,0763599846776;1,0763599846776;1,0763599846776;1,0763599846776;8,19356200353666
"88";"CYC1";8,52995653503623;1,0763599846776;9,23032200366633;9,29997236453516;1,0763599846776;1,0763599846776;7,58858714226571;9,12625194744378;8,46123734985694;1,0763599846776;8,26648887694166;1,0763599846776;8,46133805681761;1,0763599846776;8,42427045233281;1,0763599846776
"89";"TPM1";10,2134756894354;1,0763599846776;1,0763599846776;1,0763599846776;1,0763599846776;1,0763599846776;10,4364134725662;1,0763599846776;1,0763599846776;11,5384504020556;1,0763599846776;1,0763599846776;1,0763599846776;1,0763599846776;1,0763599846776;1,0763599846776
"90";"CBX3";9,80250728988019;8,53188710516923;9,94746685229264;9,01453872970407;1,0763599846776;7,25714609610178;5,89266042933717;8,42144743517613;8,36749649092368;1,0763599846776;1,0763599846776;1,0763599846776;8,50007951989913;1,0763599846776;1,0763599846776;1,0763599846776
"91";"FAM162A";8,59319126094426;1,0763599846776;9,83358762219186;9,28045231671601;8,60649292346754;1,0763599846776;8,57753113701553;1,0763599846776;10,1743061324504;8,83450853305516;9,92476402670659;1,0763599846776;8,54059176132735;8,59583335054964;8,92789663448218;1,0763599846776
"92";"UBE2D3";1,0763599846776;8,74730110867137;1,0763599846776;8,22667853535955;8,63186758713135;8,72361279577613;1,0763599846776;1,0763599846776;8,70029822120064;9,05977772539056;9,1098017209678;8,73202310822464;9,11184305396528;1,0763599846776;8,6268090065308;1,0763599846776
"93";"TAF15";8,22987719074698;8,9681499704054;8,59004664199522;1,0763599846776;1,0763599846776;1,0763599846776;1,0763599846776;1,0763599846776;1,0763599846776;8,21853557183084;8,42285506682013;1,0763599846776;9,02299158525195;1,0763599846776;8,14482828849192;8,64601233714854
"94";"EIF4A3";8,94787104792972;9,14497816108927;9,19128534160736;9,30046656212448;9,05400056215119;9,64092253436897;8,69207779173713;9,17884549481222;8,87548294124729;1,0763599846776;9,43988066239062;1,0763599846776;1,0763599846776;1,0763599846776;1,0763599846776;9,11527366089765
"95";"MSN";10,6295204251099;8,94515807959915;10,4284921464254;8,87495200864479;9,0079665781538;9,44944195888501;10,2292849424433;9,33526745710967;1,0763599846776;9,65593088219217;9,18194416832175;1,0763599846776;1,0763599846776;1,0763599846776;10,310744710104;9,35591200496587
"96";"PCMT1";8,97624377154735;1,0763599846776;9,04910812697393;1,0763599846776;1,0763599846776;1,0763599846776;9,74585964448652;1,0763599846776;1,0763599846776;1,0763599846776;7,20585082888188;1,0763599846776;1,0763599846776;1,0763599846776;9,9658897689975;6,9352917421659
"97";"MTCH2";8,60217293780772;1,0763599846776;9,31765420264828;7,05642769242733;1,0763599846776;8,11483685854456;1,0763599846776;1,0763599846776;9,29894692668464;1,0763599846776;8,54202144449322;1,0763599846776;1,0763599846776;1,0763599846776;8,67680560583967;1,0763599846776
"98";"NANS";9,0012058127633;1,0763599846776;9,2254158634236;1,0763599846776;1,0763599846776;8,4808844653986;1,0763599846776;7,96211184357178;8,05306721810028;1,0763599846776;8,45177997676357;1,0763599846776;8,17430420606953;1,0763599846776;8,23629891122006;1,0763599846776
"99";"PYGL";7,91600132500535;1,0763599846776;1,0763599846776;7,2522012097188;1,0763599846776;1,0763599846776;8,34533425467085;1,0763599846776;7,29640286815145;1,0763599846776;1,0763599846776;10,1919620873749;8,67843888691044;9,36226687257052;7,52550540536673;1,0763599846776
"100";"BHMT";1,0763599846776;1,0763599846776;1,0763599846776;1,0763599846776;6,92899010658817;7,40852871153243;1,0763599846776;1,0763599846776;8,93368189387744;1,0763599846776;9,04761685475398;1,0763599846776;9,02831881997593;1,0763599846776;9,77617641859842;7,60206615671994
"101";"UPK1B";1,0763599846776;1,0763599846776;1,0763599846776;1,0763599846776;1,0763599846776;1,0763599846776;1,0763599846776;1,0763599846776;10,2150039155775;1,0763599846776;9,97224530075898;1,0763599846776;1,0763599846776;8,32083797028028;9,71978194603836;1,0763599846776
"102";"UPK2";1,0763599846776;1,0763599846776;1,0763599846776;1,0763599846776;1,0763599846776;1,0763599846776;1,0763599846776;1,0763599846776;9,42261835263514;1,0763599846776;10,1570614479183;1,0763599846776;1,0763599846776;8,184265319886;8,94605627089074;8,26142763567463
"103";"PHGDH";7,69167924609988;1,0763599846776;1,0763599846776;8,91221600122065;1,0763599846776;10,01910433489;7,7484580536468;1,0763599846776;1,0763599846776;1,0763599846776;1,0763599846776;7,23660167504127;9,20270478573858;1,0763599846776;7,90679815308368;1,0763599846776
"104";"HMGA1";1,0763599846776;8,20857062191389;1,0763599846776;1,0763599846776;1,0763599846776;7,63681071119202;8,66926976713845;9,1647100145691;9,03583287893497;1,0763599846776;1,0763599846776;1,0763599846776;8,93102440043259;7,96825858223936;8,26634281773182;8,25307455550739
"105";"MAGOH";8,35193833727992;9,2143656192813;8,18767666703672;9,06445241302416;8,36784889127382;9,0419828680499;7,94743368525677;8,78676809987715;7,34991409985423;1,0763599846776;1,0763599846776;1,0763599846776;1,0763599846776;1,0763599846776;1,0763599846776;1,0763599846776
"106";"CAV1";1,0763599846776;1,0763599846776;7,84804477735512;7,20572124066225;1,0763599846776;4,76098203533472;10,2418274399868;1,0763599846776;1,0763599846776;9,82294021137846;1,0763599846776;9,31124845497526;7,90440909733008;1,0763599846776;1,0763599846776;7,25557731029948
"107";"SLC2A1";5,12056718176238;8,85438079635344;1,0763599846776;9,73614261161139;10,0595616523739;7,77309242598043;7,86186116641493;10,6328506482499;9,08554501053538;1,0763599846776;10,230912424468;8,39351551627295;1,0763599846776;10,3185319390138;10,1914195548282;1,0763599846776
"108";"TSPO";1,0763599846776;1,0763599846776;8,42477297897609;6,77724109485312;9,09764603347526;8,1249371627132;7,67952538446284;1,0763599846776;1,0763599846776;9,07619559076676;9,45038692147871;1,0763599846776;1,0763599846776;9,10058823402177;8,78423564259433;9,16723533347059
"109";"SNU13";8,11191597570543;9,02980097340846;8,97124318594223;9,03199260634187;9,36165755387648;8,83742298571977;1,0763599846776;1,0763599846776;9,29101018063964;1,0763599846776;8,75501232737928;1,0763599846776;9,69673931830682;8,83184986314223;1,0763599846776;8,65568928112014
"110";"EIF4A2";9,68092328989427;9,72703555885244;9,99957120962216;9,4056503667589;9,33124744660996;10,1390865457253;9,46557852723558;1,0763599846776;9,62975386400995;1,0763599846776;9,84466223608031;8,96037131271752;9,34828497987492;8,8493128559645;1,0763599846776;1,0763599846776
"111";"PRELP";1,0763599846776;7,63730811880256;1,0763599846776;1,0763599846776;1,0763599846776;1,0763599846776;9,85627982079821;1,0763599846776;1,0763599846776;10,4786392720082;7,18475516947597;9,21962953350418;1,0763599846776;1,0763599846776;1,0763599846776;1,0763599846776
"112";"PTMS";9,32719575088992;6,14941860140411;10,1963609590245;10,1471730349486;6,39427572671376;7,82377299741286;8,74328764039373;1,0763599846776;1,0763599846776;1,0763599846776;1,0763599846776;1,0763599846776;1,0763599846776;1,0763599846776;6,32063040766454;8,15663643141374
"113";"PCBD1";1,0763599846776;1,0763599846776;1,0763599846776;1,0763599846776;1,0763599846776;1,0763599846776;1,0763599846776;1,0763599846776;1,0763599846776;1,0763599846776;8,3125835992933;9,37831546267107;9,1613407307136;7,96924892695085;7,43877494985045;9,00772555362433
"114";"UGT1A6";7,72758660183196;8,79730129901151;1,0763599846776;1,0763599846776;1,0763599846776;1,0763599846776;8,98708810005182;1,0763599846776;1,0763599846776;1,0763599846776;1,0763599846776;1,0763599846776;7,88010679268467;9,08670753321494;1,0763599846776;9,31429684683098
"115";"GPD1L";1,0763599846776;1,0763599846776;7,78439858727811;9,06617782600326;8,3229014687907;8,06045692971245;1,0763599846776;1,0763599846776;9,65363408378932;8,93461630171935;9,7211963580264;1,0763599846776;1,0763599846776;8,38786057486194;8,59844134168122;5,77608824613408
"116";"CAVIN1";7,62585650734661;1,0763599846776;8,95484295358389;7,37404597116109;8,40110972876134;1,0763599846776;10,0120710397683;7,89335590436713;1,0763599846776;9,77638395589624;6,74244762181153;9,35463515352472;8,21843301119967;1,0763599846776;1,0763599846776;1,0763599846776
"117";"BANF1";8,01121412103756;1,0763599846776;9,36474983004759;9,61347395928184;1,0763599846776;7,75745079061077;8,86847006945238;1,0763599846776;1,0763599846776;1,0763599846776;8,21517481031079;1,0763599846776;1,0763599846776;1,0763599846776;1,0763599846776;6,88104364609457
"118";"FBLN1";8,31545119262039;1,0763599846776;8,37399599484421;1,0763599846776;9,17980424278437;9,05020431403519;7,72656213783931;1,0763599846776;1,0763599846776;8,99330389467664;1,0763599846776;7,89468108651201;7,9290229491318;1,0763599846776;7,79608985804794;1,0763599846776
"119";"S100A9";7,62072780036367;1,0763599846776;8,19882669681582;1,0763599846776;7,50621964637507;8,21590930509648;8,88945510591761;9,33683502969862;1,0763599846776;1,0763599846776;9,12441757777814;1,0763599846776;1,0763599846776;1,0763599846776;1,0763599846776;1,0763599846776
"120";"COX5B";1,0763599846776;9,07110375028227;9,62507712255848;8,75229651433577;8,64638264928376;1,0763599846776;8,91692370172894;9,4810706302469;9,47185885252042;1,0763599846776;8,45145689492421;1,0763599846776;8,87111197175646;8,19958275371257;8,47637735576529;1,0763599846776
"121";"H2BFM";1,0763599846776;9,68887542234511;1,0763599846776;1,0763599846776;1,0763599846776;1,0763599846776;1,0763599846776;10,8131171423436;1,0763599846776;1,0763599846776;1,0763599846776;1,0763599846776;7,35669806293246;9,56188246150786;1,0763599846776;1,0763599846776
"122";"DYNC1I2";1,0763599846776;8,05141638537349;1,0763599846776;1,0763599846776;1,0763599846776;1,0763599846776;7,3252100606122;8,17983534231338;1,0763599846776;1,0763599846776;8,19249478095377;9,22488959125677;8,36088156704156;8,83393041371234;8,69828113147424;8,31407211786841
"123";"BGN";8,36505231404171;8,11435360033664;8,95450107181482;8,13175191476321;6,36238501655816;1,0763599846776;8,89186581498141;9,28820055079126;1,0763599846776;9,79168875084424;8,51931526185037;8,3894983210127;1,0763599846776;1,0763599846776;1,0763599846776;1,0763599846776
"124";"DHRS2";8,5438991178699;1,0763599846776;13,5122839337992;12,9089582956135;10,4737240516811;9,9581374336832;11,3194439372333;1,0763599846776;11,0417805163792;10,6150503095;12,9797326655591;12,2585616433365;10,5179398152751;12,1038560977268;12,2365352777112;11,488193153983
"125";"CHRM1";1,0763599846776;1,0763599846776;1,0763599846776;1,0763599846776;1,0763599846776;1,0763599846776;7,07150796143488;7,05536572265182;7,90126980215418;1,0763599846776;8,14697250296138;9,04834271176708;9,06417507810457;9,50038352947287;1,0763599846776;1,0763599846776
"126";"RAC3";8,35406335597269;9,02973218359966;1,0763599846776;7,86704228700815;1,0763599846776;8,94468932748082;1,0763599846776;1,0763599846776;1,0763599846776;1,0763599846776;8,6413434517782;8,73157488144559;1,0763599846776;1,0763599846776;1,0763599846776;1,0763599846776
"127";"CTSH";1,0763599846776;8,35237294917623;8,85445987800787;1,0763599846776;1,0763599846776;7,59776678384596;8,28365199303661;9,20355995144176;1,0763599846776;1,0763599846776;7,77481400877592;1,0763599846776;1,0763599846776;8,40749497769407;8,38171670098852;8,61367670480712
"128";"HNRNPA1";10,3844119628277;10,585028768054;10,4080110298616;10,6608171522769;10,7512499122999;10,1291500127133;10,0780817547099;11,4869410854817;9,22526692567676;9,41243518329417;10,3550238066613;1,0763599846776;9,83021728413717;1,0763599846776;1,0763599846776;10,4318969121691
"129";"H1FX";8,86079501513691;1,0763599846776;1,0763599846776;9,55785550794451;8,0955562089182;1,0763599846776;7,77765007273472;8,73572593691657;8,20321049902418;1,0763599846776;7,1547799440389;1,0763599846776;1,0763599846776;1,0763599846776;1,0763599846776;1,0763599846776
"130";"RAB25";1,0763599846776;7,59236922465677;1,0763599846776;1,0763599846776;1,0763599846776;1,0763599846776;1,0763599846776;1,0763599846776;9,30841430306366;1,0763599846776;8,77819486819252;1,0763599846776;1,0763599846776;8,42916181153704;8,71520456894609;8,37424414834545
