"";"Sample1";"Sample2";"Sample3";"Sample4";"Sample5";"Sample6";"Sample7";"Sample8";"Sample9";"Sample10";"Sample11";"Sample12";"Sample13";"Sample14";"Sample15";"Sample16"
"HIST2H2AB";15,2657687021927;13,7558416944739;15,0872263486251;15,6399308823791;15,0569806123965;14,8574049717271;14,9545600077131;14,7026376338635;1,07898322248678;1,07898322248678;14,4157610816634;1,07898322248678;1,07898322248678;1,07898322248678;1,07898322248678;1,07898322248678
"KRT79";13,0118326504969;13,3872384528162;11,6759197164128;1,07898322248678;13,1078104153623;1,07898322248678;1,07898322248678;12,9975381325859;1,07898322248678;1,07898322248678;1,07898322248678;13,2735063403008;13,3062324755658;14,2584248318695;13,7077687969532;1,07898322248678
"HIST1H3A";14,1346331427447;13,3090962220322;14,3547708726738;14,0903692720221;13,6417886518858;13,9468280861894;13,8975204604334;14,2227476207099;1,07898322248678;1,07898322248678;13,6498173704171;1,07898322248678;1,07898322248678;13,1877020832648;1,07898322248678;13,3312665296424
"TUBA1B";13,6612133766174;12,9077329958828;1,07898322248678;13,2745398557397;1,07898322248678;12,9179029577297;12,6340393107296;12,8728678381589;12,4544012152146;1,07898322248678;12,6252226901778;1,07898322248678;1,07898322248678;1,07898322248678;1,07898322248678;12,9031583188441
"TUBA1C";1,07898322248678;1,07898322248678;12,6345575287875;1,07898322248678;12,9599585870104;1,07898322248678;1,07898322248678;1,07898322248678;1,07898322248678;12,5431532428008;1,07898322248678;12,2049722896869;13,0209480305182;12,883426502623;12,5204997735976;12,9031583188441
"POTEF";14,7048169218388;1,07898322248678;14,7941144857402;14,1056174665695;1,07898322248678;1,07898322248678;1,07898322248678;1,07898322248678;1,07898322248678;1,07898322248678;13,8785191647333;1,07898322248678;1,07898322248678;1,07898322248678;1,07898322248678;1,07898322248678
"KRT5";1,07898322248678;12,7306688847432;11,5806654428579;1,07898322248678;1,07898322248678;1,07898322248678;13,286363930947;12,2674559566335;1,07898322248678;13,2914227678216;13,4351448767095;12,1694619844174;15,1569343181595;10,8030627514985;13,2061334574963;13,4081869640896
"TUBA4A";1,07898322248678;1,07898322248678;1,07898322248678;1,07898322248678;1,07898322248678;12,8867338133385;12,508999927719;1,07898322248678;1,07898322248678;12,4816025171917;1,07898322248678;1,07898322248678;1,07898322248678;12,5288827000935;1,07898322248678;12,7749235004765
"TRAP1";1,07898322248678;11,4963066245207;1,07898322248678;11,3559021704222;13,3245579571111;1,07898322248678;1,07898322248678;1,07898322248678;10,8749597766123;1,07898322248678;11,1729694660461;1,07898322248678;11,8744240416073;1,07898322248678;11,5317757954634;1,07898322248678
"POTEE";1,07898322248678;15,1040319222644;1,07898322248678;1,07898322248678;1,07898322248678;14,4635010365338;1,07898322248678;1,07898322248678;1,07898322248678;1,07898322248678;1,07898322248678;1,07898322248678;1,07898322248678;1,07898322248678;1,07898322248678;14,0701404521998
"KRT75";1,07898322248678;1,07898322248678;1,07898322248678;1,07898322248678;12,6347927002262;1,07898322248678;1,07898322248678;1,07898322248678;1,07898322248678;1,07898322248678;13,9856935352968;12,4965108539254;1,07898322248678;1,07898322248678;13,597878367077;1,07898322248678
"OSBPL2";1,07898322248678;13,3575471293124;1,07898322248678;1,07898322248678;12,2959490352044;1,07898322248678;1,07898322248678;1,07898322248678;1,07898322248678;1,07898322248678;1,07898322248678;1,07898322248678;8,07408039916903;1,07898322248678;12,6269598687231;13,4276675085691
"KRT6A";1,07898322248678;1,07898322248678;1,07898322248678;1,07898322248678;1,07898322248678;12,0098558264567;1,07898322248678;12,5372816071026;13,1863250165833;1,07898322248678;13,6504804509598;1,07898322248678;1,07898322248678;1,07898322248678;1,07898322248678;1,07898322248678
"EEF1A2";1,07898322248678;1,07898322248678;12,9811214402633;12,416995270244;1,07898322248678;1,07898322248678;1,07898322248678;1,07898322248678;1,07898322248678;1,07898322248678;12,9271868666234;12,4356632004827;1,07898322248678;1,07898322248678;1,07898322248678;1,07898322248678
"GSTM1";7,55216908746046;1,07898322248678;1,07898322248678;1,07898322248678;13,9818793465523;1,07898322248678;1,07898322248678;1,07898322248678;1,07898322248678;7,8267709353932;13,5534921217434;1,07898322248678;9,82706746056836;13,3605320398877;6,35177347149113;1,07898322248678
"KRT20";12,8402654047371;12,8883184212874;11,0572087819147;11,205860052621;11,1318506210704;11,1009578751048;1,07898322248678;1,07898322248678;13,6667462987541;1,07898322248678;13,1490935312692;13,4064151818907;13,32419223483;13,045577792341;12,8965303655929;1,07898322248678
"KRT10";11,0973418219046;12,2484353932047;1,07898322248678;1,07898322248678;1,07898322248678;11,1639011774404;12,4654438096413;1,07898322248678;1,07898322248678;11,9819060028798;1,07898322248678;1,07898322248678;1,07898322248678;1,07898322248678;1,07898322248678;1,07898322248678
"H3F3A";1,07898322248678;1,07898322248678;1,07898322248678;1,07898322248678;13,6417886518858;1,07898322248678;1,07898322248678;14,2227476207099;13,5347372908183;1,07898322248678;1,07898322248678;1,07898322248678;1,07898322248678;1,07898322248678;1,07898322248678;1,07898322248678
"NME1";1,07898322248678;10,6781925053621;11,6249015770862;11,4007224707163;11,2972206125942;10,4475251853673;1,07898322248678;1,07898322248678;1,07898322248678;1,07898322248678;12,4396683612294;9,71163581872507;1,07898322248678;1,07898322248678;10,6354875529284;10,0303201852011
"KRT13";1,07898322248678;13,4067427394819;11,6070133105286;1,07898322248678;1,07898322248678;11,8688687022959;13,2048195142115;13,1575416826262;14,0335867962829;13,6495643620433;13,7416643954409;13,6877150579384;14,4591989084602;13,7168040192522;13,7395368063173;14,0437429787084
"RAB1A";1,07898322248678;10,5656275931454;10,5570058005578;10,4031545241589;11,0529315606028;10,7914286851824;10,6638608723093;10,7456247936968;1,07898322248678;1,07898322248678;1,07898322248678;1,07898322248678;1,07898322248678;1,07898322248678;10,7554084254828;1,07898322248678
"MYH11";11,2313321081772;1,07898322248678;10,5824463639198;10,3402908226246;10,480874699057;1,07898322248678;10,1972666303386;1,07898322248678;1,07898322248678;11,1666277493796;1,07898322248678;10,5300863613652;10,1218341596197;1,07898322248678;1,07898322248678;1,07898322248678
"DES";9,122732963445;1,07898322248678;1,07898322248678;9,66189314902776;10,7620560380309;1,07898322248678;11,5550541951855;1,07898322248678;1,07898322248678;11,8367977442817;1,07898322248678;11,6891817427191;1,07898322248678;1,07898322248678;1,07898322248678;1,07898322248678
"S100A2";1,07898322248678;11,6628853480248;1,07898322248678;1,07898322248678;1,07898322248678;1,07898322248678;10,9298198027421;10,7524285081498;9,78223699976966;8,13422130298124;1,07898322248678;1,07898322248678;11,5057136120751;9,11245851266652;8,93241382978136;11,4066246771787
"FAM69A";1,07898322248678;1,07898322248678;1,07898322248678;9,72440008379701;1,07898322248678;1,07898322248678;1,07898322248678;11,0749188110983;1,07898322248678;1,07898322248678;9,70872388685632;11,7770202147226;1,07898322248678;11,9719019202374;8,99598612013702;1,07898322248678
"FABP4";1,07898322248678;1,07898322248678;7,37970347641228;14,2377263900429;1,07898322248678;1,07898322248678;8,7355911986491;10,2054912032548;1,07898322248678;10,1478013853127;1,07898322248678;10,3812945539236;12,0428149910074;9,53062655366188;9,85786825725324;8,64484407382392
"ACTC1";1,07898322248678;15,4324525088317;14,9957422926355;1,07898322248678;15,0792637868055;14,6677848653843;15,4968849183854;15,0796394658022;14,4366415402065;15,4975597799095;14,1200487152674;15,5488338512629;15,1735623321818;14,211756867073;14,4833200245739;14,6157443934006
"AKR1C2";13,1774392222109;1,07898322248678;1,07898322248678;11,6541378374264;9,98228896204468;10,9598371700123;10,8143626594875;10,2967395732905;1,07898322248678;1,07898322248678;9,62444514485925;9,9373975919278;1,07898322248678;11,5718137613239;9,46531485645102;11,1313283754018
"MYL9";1,07898322248678;1,07898322248678;1,07898322248678;9,78323153268261;10,0248472101267;1,07898322248678;10,7407214911353;1,07898322248678;1,07898322248678;10,8262184988115;1,07898322248678;10,7927289524544;10,0453076872981;1,07898322248678;1,07898322248678;1,07898322248678
"CKB";8,65088685274468;1,07898322248678;1,07898322248678;11,3938262736362;1,07898322248678;1,07898322248678;1,07898322248678;1,07898322248678;9,92621970354395;8,33461314417784;11,0981421600415;1,07898322248678;1,07898322248678;11,3646141612466;9,16857909983416;1,07898322248678
"HIST1H2AH";1,07898322248678;14,0820202644201;14,9457532014267;1,07898322248678;15,0314747092811;14,9206780017548;14,7898270198343;14,8002228379084;14,6169964727723;14,5786435745209;14,2978444244518;14,5556721155474;14,8037468976594;14,0543245390505;13,961192396173;14,1299540922454
"S100A10";9,93479321623961;9,88268077440969;9,79694313905228;9,64037674198503;1,07898322248678;9,93240888745482;11,5603183503424;1,07898322248678;10,8047853908373;10,7905136619573;1,07898322248678;1,07898322248678;1,07898322248678;1,07898322248678;8,35541927713703;11,1443245141394
"KRT1";9,6934839557977;9,6009289937284;1,07898322248678;1,07898322248678;1,07898322248678;10,2764509599703;9,7042342568629;9,54245298393783;9,9478075947726;9,30347541123129;1,07898322248678;1,07898322248678;1,07898322248678;11,1004659647662;1,07898322248678;1,07898322248678
"TPM2";1,07898322248678;10,363136355236;9,20463163786889;9,91299123420095;10,2083535119094;9,62651478695655;1,07898322248678;9,16135643542892;1,07898322248678;11,6466817448924;9,13118724101382;11,1691384771602;10,32498586434;1,07898322248678;1,07898322248678;1,07898322248678
"HLA-A";1,07898322248678;11,8378495716611;1,07898322248678;1,07898322248678;1,07898322248678;1,07898322248678;9,9029878580974;11,5501856637696;1,07898322248678;1,07898322248678;10,1462777536838;1,07898322248678;8,99986413040056;1,07898322248678;1,07898322248678;1,07898322248678
"RAB11B";9,48509813072521;1,07898322248678;1,07898322248678;9,23862789123775;1,07898322248678;9,66602167076817;9,51243466546232;1,07898322248678;11,1176617581017;9,75534987352393;10,1438103686821;1,07898322248678;1,07898322248678;1,07898322248678;1,07898322248678;9,66129683730148
"DCN";8,58507047349408;8,33900159496619;8,87811674206543;1,07898322248678;9,08373323568692;1,07898322248678;11,0699382988474;1,07898322248678;1,07898322248678;11,3685551360717;1,07898322248678;10,4276967296769;9,55680098278391;1,07898322248678;1,07898322248678;1,07898322248678
"PRDX4";10,6570338921932;1,07898322248678;10,7014371223877;10,6819303973687;1,07898322248678;10,1523491798334;1,07898322248678;1,07898322248678;1,07898322248678;1,07898322248678;1,07898322248678;1,07898322248678;1,07898322248678;9,8189279184233;1,07898322248678;1,07898322248678
"FMO1";11,865379909668;1,07898322248678;1,07898322248678;1,07898322248678;1,07898322248678;1,07898322248678;1,07898322248678;1,07898322248678;9,92929840684296;1,07898322248678;1,07898322248678;1,07898322248678;10,3642806589775;1,07898322248678;11,8249535544496;1,07898322248678
"GSTM2";1,07898322248678;1,07898322248678;1,07898322248678;9,95834561135697;13,6392848109067;1,07898322248678;1,07898322248678;1,07898322248678;1,07898322248678;1,07898322248678;1,07898322248678;1,07898322248678;1,07898322248678;1,07898322248678;11,824304808954;1,07898322248678
"RAB1B";11,0746598480029;1,07898322248678;10,5570058005578;10,4031545241589;1,07898322248678;1,07898322248678;10,6638608723093;10,7456247936968;11,0824926109289;10,8738302105736;10,7846312773659;1,07898322248678;10,5021280359868;10,8901801760638;10,7554084254828;10,7786679596262
"RAB11A";1,07898322248678;9,22976738787973;9,71977013913803;1,07898322248678;9,76901441660916;1,07898322248678;1,07898322248678;9,1907297157656;1,07898322248678;1,07898322248678;1,07898322248678;9,36921945937761;9,05040000851833;8,79622783921356;9,92230925265988;1,07898322248678
"ANXA10";1,07898322248678;9,32662642437994;8,94526446453968;1,07898322248678;1,07898322248678;1,07898322248678;10,2846002003802;8,09643833539436;1,07898322248678;1,07898322248678;1,07898322248678;9,41914053022311;10,1460917509058;9,7453752248565;7,5609932961974;10,1679708490981
"ST13";9,62719835322986;9,55074979883903;10,5370893775462;9,70706949396273;9,31512686547937;9,65470012661428;1,07898322248678;1,07898322248678;8,81369420830161;1,07898322248678;9,19704089349064;9,10978926024495;1,07898322248678;1,07898322248678;9,58694189821604;1,07898322248678
"RDX";10,5685288026814;1,07898322248678;1,07898322248678;1,07898322248678;1,07898322248678;1,07898322248678;1,07898322248678;1,07898322248678;8,96672857692223;9,66975759982367;1,07898322248678;9,68189355619673;1,07898322248678;1,07898322248678;10,3714066028872;1,07898322248678
"ARF5";9,70840600751946;9,29559929194165;1,07898322248678;9,10445441823203;1,07898322248678;9,64061553911499;1,07898322248678;1,07898322248678;1,07898322248678;1,07898322248678;9,28371145323205;1,07898322248678;1,07898322248678;1,07898322248678;9,81920556437683;1,07898322248678
"GDI1";10,6072134547749;1,07898322248678;8,83215095415794;1,07898322248678;1,07898322248678;1,07898322248678;8,62702602975008;1,07898322248678;1,07898322248678;1,07898322248678;1,07898322248678;8,77825686117911;1,07898322248678;8,95707403204877;9,32846929379591;9,47284035364146
"SLC25A6";10,8229081001799;10,4140676660648;11,0313902541006;10,5819274825784;10,180370236881;10,8734680474824;9,84077900223428;10,8278298139474;10,4752590372923;9,69174011692772;1,07898322248678;1,07898322248678;1,07898322248678;10,4363615239193;1,07898322248678;9,82926131544353
"GSTM3";7,71995723596125;1,07898322248678;10,6061108339669;10,1504698874324;12,509529208302;9,01638357902184;8,29266645212794;1,07898322248678;1,07898322248678;9,24789336235085;10,939881541083;5,99197363601268;1,07898322248678;12,1832819689291;11,0232981397971;8,8355543110138
"NCCRP1";1,07898322248678;1,07898322248678;1,07898322248678;1,07898322248678;8,71683161642102;7,84884827531573;8,22861503435226;1,07898322248678;1,07898322248678;9,46465132406657;9,28202772909865;1,07898322248678;1,07898322248678;1,07898322248678;9,7536226252969;10,7112559629283
"SIGLEC16";8,32969527211314;9,48284247272581;9,95364098223199;8,24992560751686;1,07898322248678;9,06824697675486;10,1120577342116;12,8740689527254;7,84781547044362;9,80431716877071;9,21719473456709;1,07898322248678;1,07898322248678;1,07898322248678;1,07898322248678;9,49655607865821
"HNRNPH1";9,79935010499221;1,07898322248678;9,94402207157257;9,98618081389349;10,298918591926;1,07898322248678;9,04545702095081;10,2733740958134;1,07898322248678;9,20706616563579;1,07898322248678;9,67115451103739;10,1173558463631;9,3423643754778;1,07898322248678;9,31942073621556
"H2AFY2";1,07898322248678;1,07898322248678;9,46944231520103;1,07898322248678;9,55492666007343;9,00498714328342;10,4456875784982;9,39899677720317;9,2395175517907;9,83437959391514;8,91598739071109;1,07898322248678;9,94937520947962;10,6280478524123;1,07898322248678;10,2322582487403
"AKR1C3";14,1712029990593;10,4480266415068;10,7002718384502;11,6868330828308;9,95080170389329;11,5026564817365;10,914240293278;10,2967395732905;1,07898322248678;1,07898322248678;9,87814954487555;10,2077752383677;1,07898322248678;12,1549292965428;9,60569675253847;11,1307478975581
"JMJD7";1,07898322248678;10,3923111809319;9,29950711457876;8,57387674889703;9,26774056297284;1,07898322248678;1,07898322248678;1,07898322248678;10,5479019437421;1,07898322248678;1,07898322248678;1,07898322248678;1,07898322248678;1,07898322248678;1,07898322248678;1,07898322248678
"RAB13";9,36452234383462;8,53466407745934;1,07898322248678;9,31117012036619;1,07898322248678;9,02863606715312;1,07898322248678;1,07898322248678;9,32550139116742;1,07898322248678;8,87382779137123;1,07898322248678;1,07898322248678;1,07898322248678;1,07898322248678;9,14111128866148
"RPL13AP3";1,07898322248678;1,07898322248678;1,07898322248678;9,70867560542888;1,07898322248678;9,42698130325695;9,23817153392328;1,07898322248678;9,90431180682442;9,69789918418451;9,22517063519941;9,82021507384391;9,64659422210837;9,23212744655491;10,0544584501856;9,76293987544301
"CTSE";1,07898322248678;6,39173029614731;1,07898322248678;1,07898322248678;1,07898322248678;1,07898322248678;1,07898322248678;1,07898322248678;8,73433391145987;8,26625973233815;1,07898322248678;11,7363255015638;1,07898322248678;10,9185606608128;1,07898322248678;7,25302829823579
"CRIP2";8,53739496123386;9,55362483229034;9,70009860861963;9,29927916173869;8,17337204380341;1,07898322248678;8,87661606320211;1,07898322248678;9,80736429525696;10,179830981724;1,07898322248678;9,48193713143112;1,07898322248678;1,07898322248678;10,5939104769918;9,94126419743344
"TMEM97";1,07898322248678;1,07898322248678;9,4299281131907;1,07898322248678;9,69001538416692;9,85699141294886;1,07898322248678;1,07898322248678;1,07898322248678;1,07898322248678;8,72084931504914;8,5183418995835;1,07898322248678;8,65886827107358;1,07898322248678;1,07898322248678
"ABHD12B";7,58867109038773;10,79825079632;7,51555945414383;10,308418043603;7,28463951012277;9,60774037685915;1,07898322248678;10,2679534748234;1,07898322248678;1,07898322248678;6,81598901050305;1,07898322248678;7,88286052109899;1,07898322248678;10,1167710541736;1,07898322248678
"TMEM165";9,92864218679578;1,07898322248678;1,07898322248678;1,07898322248678;9,18392645788326;1,07898322248678;1,07898322248678;1,07898322248678;8,11924256444759;1,07898322248678;8,65485522539505;1,07898322248678;1,07898322248678;9,07991463487784;9,10168071260443;8,31194471755037
"HSD17B11";8,87201639712211;1,07898322248678;9,43247321720549;1,07898322248678;9,03908347158345;8,47552616825946;1,07898322248678;1,07898322248678;1,07898322248678;1,07898322248678;1,07898322248678;8,73778050379567;1,07898322248678;8,96379832895576;8,89397417745441;1,07898322248678
"OGN";7,6037530417433;1,07898322248678;7,69854854295832;1,07898322248678;1,07898322248678;1,07898322248678;9,97823381378793;1,07898322248678;1,07898322248678;11,3064680928699;1,07898322248678;9,87106894688428;1,07898322248678;1,07898322248678;1,07898322248678;1,07898322248678
"HMGB2";9,75649547581596;7,64606635761526;8,25907394438962;9,97906020608347;1,07898322248678;8,85369313463258;1,07898322248678;8,63825163430295;1,07898322248678;1,07898322248678;7,75606393014178;1,07898322248678;1,07898322248678;9,14544046456533;1,07898322248678;1,07898322248678
"RAB6A";10,9897862248275;1,07898322248678;1,07898322248678;1,07898322248678;1,07898322248678;1,07898322248678;1,07898322248678;1,07898322248678;11,2162455399717;1,07898322248678;10,8023592080112;1,07898322248678;1,07898322248678;1,07898322248678;1,07898322248678;1,07898322248678
"CRABP2";10,0703900724563;8,86488902590249;10,4225481881836;1,07898322248678;1,07898322248678;1,07898322248678;1,07898322248678;1,07898322248678;1,07898322248678;8,13593707590288;7,10789395033523;1,07898322248678;1,07898322248678;1,07898322248678;9,11612625076778;7,38907963798196
"COX6A1";1,07898322248678;8,79569915694866;8,29771598463119;9,40081586458231;8,37763825358139;8,44963239641189;9,50225554365826;10,1441231476223;9,32885583276337;1,07898322248678;8,44488318459019;1,07898322248678;1,07898322248678;1,07898322248678;9,30308140519968;1,07898322248678
"HNRNPH2";1,07898322248678;9,40750476788362;1,07898322248678;1,07898322248678;1,07898322248678;9,76987230967258;1,07898322248678;1,07898322248678;9,80062566254177;1,07898322248678;9,2150031498796;1,07898322248678;1,07898322248678;1,07898322248678;8,74602675748593;1,07898322248678
"ST13P4";1,07898322248678;1,07898322248678;1,07898322248678;1,07898322248678;1,07898322248678;1,07898322248678;9,77168388254196;7,26684972072168;1,07898322248678;9,5737963456347;1,07898322248678;1,07898322248678;9,2974261306245;9,13990143135444;1,07898322248678;8,80599062787844
"ADH1B";1,07898322248678;1,07898322248678;13,0053114615712;1,07898322248678;1,07898322248678;1,07898322248678;7,8859303957554;1,07898322248678;1,07898322248678;9,51292884972571;1,07898322248678;8,22801647530468;1,07898322248678;1,07898322248678;1,07898322248678;1,07898322248678
"BAZ1A";1,07898322248678;9,39889171710633;6,73172609256925;4,75690845267969;9,27225679650478;1,07898322248678;10,3604871120043;9,86086244439711;7,59583766456592;9,01607690677927;1,07898322248678;1,07898322248678;1,07898322248678;8,78251081958866;1,07898322248678;1,07898322248678
"CD63";1,07898322248678;8,74021114485341;1,07898322248678;9,13624216217851;10,6375388101547;9,08972805190463;8,37781001811311;8,70525854404649;9,09275076708403;1,07898322248678;7,84204229621311;1,07898322248678;1,07898322248678;8,79157678814261;1,07898322248678;8,88082491072894
"GNAS";1,07898322248678;1,07898322248678;1,07898322248678;9,44929778091385;1,07898322248678;1,07898322248678;1,07898322248678;1,07898322248678;9,90411370642614;1,07898322248678;8,05739970902776;1,07898322248678;1,07898322248678;7,51019745721262;1,07898322248678;11,0766608848537
"COL1A1";8,48414571163759;8,64363405278562;9,57176341204968;7,69020418581335;8,0866626802778;1,07898322248678;11,3202676337589;1,07898322248678;1,07898322248678;11,1592051679858;7,36638965490954;9,744602221589;9,41446796274432;1,07898322248678;1,07898322248678;6,99417645894932
"SH3BGRL";7,74385000611091;8,89778584180686;1,07898322248678;1,07898322248678;1,07898322248678;1,07898322248678;8,88506274230649;8,7461432004228;1,07898322248678;1,07898322248678;1,07898322248678;8,95449695075567;9,3309040674366;1,07898322248678;1,07898322248678;8,68995657322537
"GNAI1";1,07898322248678;1,07898322248678;10,156129450149;9,18133279575968;1,07898322248678;1,07898322248678;1,07898322248678;9,90412114738547;1,07898322248678;1,07898322248678;1,07898322248678;1,07898322248678;10,260319252649;1,07898322248678;1,07898322248678;1,07898322248678
"RPL35";1,07898322248678;9,85775931842761;9,92585284337968;1,07898322248678;1,07898322248678;9,64087079088626;10,0411182180737;10,097453876645;9,98952077057143;1,07898322248678;8,37991790069851;10,1954363416722;10,2197861820022;9,41743446040738;10,429272158206;9,67939624704484
"PTGR1";9,3550220475298;1,07898322248678;8,37277494262322;7,10399391822302;1,07898322248678;1,07898322248678;8,49718919648975;1,07898322248678;1,07898322248678;1,07898322248678;7,50731780452385;1,07898322248678;9,49715389954101;9,24871096035937;7,72861154422874;10,1984067539954
"TAGLN";9,63793125407781;8,38162040294506;8,75365051869523;9,46169163602828;9,92350632288068;1,07898322248678;11,3192360314739;8,5192381228423;1,07898322248678;11,5454183523084;7,14858869071051;11,2942036106221;9,18661084882268;1,07898322248678;1,07898322248678;7,23788378881495
"UGT1A10";1,07898322248678;1,07898322248678;1,07898322248678;1,07898322248678;1,07898322248678;7,90387352982118;1,07898322248678;8,60641439347978;8,72447252321769;9,34719363101549;8,72134582737936;1,07898322248678;1,07898322248678;9,89835573660743;1,07898322248678;1,07898322248678
"C10orf67";1,07898322248678;8,0111481604491;1,07898322248678;8,56283322526498;1,07898322248678;9,26803291672689;1,07898322248678;1,07898322248678;1,07898322248678;1,07898322248678;1,07898322248678;9,03905102094992;8,43240317743129;8,55785217064406;1,07898322248678;9,0189050813807
"TPSAB1";1,07898322248678;1,07898322248678;7,86669497021283;1,07898322248678;6,54687044339042;1,07898322248678;8,73893079111443;1,07898322248678;1,07898322248678;11,6684702994533;1,07898322248678;10,033757634057;1,07898322248678;1,07898322248678;1,07898322248678;1,07898322248678
"UPK3BL1";1,07898322248678;1,07898322248678;1,07898322248678;1,07898322248678;1,07898322248678;1,07898322248678;1,07898322248678;1,07898322248678;9,28582474413054;8,06163612063794;9,9495826168603;8,36591834980808;1,07898322248678;8,68588296488174;8,80397770396879;1,07898322248678
"COL14A1";8,03015938139242;6,62778237709718;8,44723237856174;5,52897028646656;8,25352398165009;1,07898322248678;9,42323464751006;7,99235708369029;1,07898322248678;10,9678431433559;1,07898322248678;9,57601989036828;1,07898322248678;1,07898322248678;1,07898322248678;1,07898322248678
"RAB10";10,9053466284631;10,4559732025282;1,07898322248678;1,07898322248678;10,882863541413;10,5668523636265;10,6046847361896;10,5878140338618;10,9685524539956;10,7607666586953;10,6122703023222;1,07898322248678;10,7232853094189;10,7066835356688;10,6336051630115;10,694400587033
"HMGB3";9,25367050444157;8,5282807208454;8,670013060587;8,67364173765254;8,8985427721517;8,33465351604636;1,07898322248678;1,07898322248678;7,7026180095439;1,07898322248678;9,24585898125736;1,07898322248678;1,07898322248678;1,07898322248678;1,07898322248678;8,18740305290342
"CYC1";8,46924972402015;1,07898322248678;9,23417398365821;9,26181507070884;1,07898322248678;1,07898322248678;7,45372842484611;9,15584428028587;8,52064955434602;1,07898322248678;8,16284493631097;1,07898322248678;8,63701830310938;1,07898322248678;8,4846771488424;1,07898322248678
"TPM1";10,1525130434671;1,07898322248678;1,07898322248678;1,07898322248678;1,07898322248678;1,07898322248678;10,3001782762579;1,07898322248678;1,07898322248678;11,5496444952742;1,07898322248678;1,07898322248678;1,07898322248678;1,07898322248678;1,07898322248678;1,07898322248678
"CBX3";9,74158276322453;8,3889492100841;9,95132052728302;8,97641180994282;1,07898322248678;7,24573909913579;5,76137602164699;8,45097601598996;8,4268861932301;1,07898322248678;1,07898322248678;1,07898322248678;8,67578577302347;1,07898322248678;1,07898322248678;1,07898322248678
"FAM162A";8,53246852029256;1,07898322248678;9,83744108098169;9,24229691416245;8,63160100588593;1,07898322248678;8,44187946752337;1,07898322248678;10,2339512662809;8,84566918728747;9,8206005129403;1,07898322248678;8,71632447276581;8,60655126982257;8,98840641369938;1,07898322248678
"UBE2D3";1,07898322248678;8,60424148829047;1,07898322248678;8,18867454219392;8,65697778538479;8,71208004113941;1,07898322248678;1,07898322248678;8,7597616082294;9,07094409018039;9,00582116723877;8,85541776003994;9,28787949909145;1,07898322248678;8,68726152416111;1,07898322248678
"TAF15";8,16925626190532;8,82498305167419;8,59389620464506;1,07898322248678;1,07898322248678;1,07898322248678;1,07898322248678;1,07898322248678;1,07898322248678;8,22967518757252;8,31913301935279;1,07898322248678;9,19898831877325;1,07898322248678;8,20516021360072;8,63983618169211
"EIF4A3";8,88707081531151;9,00173641364346;9,19513720291225;9,26230922074729;9,07914100946326;9,62935622444855;8,55636464157658;9,20844145059904;8,93497880085813;1,07898322248678;9,33581341405639;1,07898322248678;1,07898322248678;1,07898322248678;1,07898322248678;9,10908453658542
"MSN";10,5685288026814;8,8020015813387;10,4323465677529;8,8368422785696;9,03310414011413;9,4378810088217;10,0930840429505;9,36487343949461;1,07898322248678;9,66710868471545;9,07794293809765;1,07898322248678;1,07898322248678;1,07898322248678;10,3714066028872;9,34971769749575
"PCMT1";8,91543812400404;1,07898322248678;9,05295952781191;1,07898322248678;1,07898322248678;1,07898322248678;9,60976081976352;1,07898322248678;1,07898322248678;1,07898322248678;7,10303231586936;1,07898322248678;1,07898322248678;1,07898322248678;10,026526116491;6,92922175806925
"MTCH2";8,54144799064224;1,07898322248678;9,32150643681786;7,01878894554889;1,07898322248678;8,10334154224965;1,07898322248678;1,07898322248678;9,35850676097075;1,07898322248678;8,43824530179866;1,07898322248678;1,07898322248678;1,07898322248678;8,73726847834417;1,07898322248678
"NANS";8,94039548847405;1,07898322248678;9,22926782867471;1,07898322248678;1,07898322248678;8,4693647779573;1,07898322248678;7,99157857755283;8,11236981327267;1,07898322248678;8,34804438558653;1,07898322248678;8,34976837061713;1,07898322248678;8,29665692302802;1,07898322248678
"PYGL";7,85549153817511;1,07898322248678;1,07898322248678;7,21447905955401;1,07898322248678;1,07898322248678;8,20982323099213;1,07898322248678;7,3553986910418;1,07898322248678;1,07898322248678;10,3157242120197;8,8542562551879;9,37300302244462;7,5856096452945;1,07898322248678
"BHMT";1,07898322248678;1,07898322248678;1,07898322248678;1,07898322248678;6,95383132888166;7,39710208444641;1,07898322248678;1,07898322248678;8,99318769756126;1,07898322248678;8,94365497219265;1,07898322248678;9,20431800404702;1,07898322248678;9,83679588040954;7,59593959618748
"UPK1B";1,07898322248678;1,07898322248678;1,07898322248678;1,07898322248678;1,07898322248678;1,07898322248678;1,07898322248678;1,07898322248678;10,2746518926277;1,07898322248678;9,8680739847459;1,07898322248678;1,07898322248678;8,33154660055559;9,7803959450114;1,07898322248678
"UPK2";1,07898322248678;1,07898322248678;1,07898322248678;1,07898322248678;1,07898322248678;1,07898322248678;1,07898322248678;1,07898322248678;9,4821935922861;1,07898322248678;10,0528620933453;1,07898322248678;1,07898322248678;8,19496863567329;9,00656913636455;8,25526574824026
"PHGDH";7,63126507939447;1,07898322248678;1,07898322248678;8,87410151828413;1,07898322248678;10,0075293170881;7,61343172973532;1,07898322248678;1,07898322248678;1,07898322248678;1,07898322248678;7,35894535806059;9,37877938799687;1,07898322248678;7,96705390548783;1,07898322248678
"HMGA1";1,07898322248678;8,06585315919146;1,07898322248678;1,07898322248678;1,07898322248678;7,62535811637405;8,53356847285602;9,19430500956568;9,09535519515985;1,07898322248678;1,07898322248678;1,07898322248678;9,10697736974307;7,97895239462384;8,32670904314986;8,24691302213127
"MAGOH";8,29128030805758;9,07109692399458;8,19152406008656;9,02631973917448;8,3929351431814;9,0304359908579;7,81222307870584;8,8163335827401;7,40893729392148;1,07898322248678;1,07898322248678;1,07898322248678;1,07898322248678;1,07898322248678;1,07898322248678;1,07898322248678
"CAV1";1,07898322248678;1,07898322248678;7,85188980425978;7,16801788018121;1,07898322248678;4,75048948122343;10,1056243207156;1,07898322248678;1,07898322248678;9,83412045739054;1,07898322248678;9,43483403192051;8,07962683230999;1,07898322248678;1,07898322248678;7,24947689108913
"SLC2A1";5,06343119102742;8,71126710095745;1,07898322248678;9,6979490937961;10,084746765781;7,76162617772262;7,72672671264364;10,6625085656748;9,1450749493614;1,07898322248678;10,1267028323694;8,51675746386671;1,07898322248678;10,3292806907403;10,2520732902728;1,07898322248678
"TSPO";1,07898322248678;1,07898322248678;8,4286217229693;6,73974266908545;9,12278913269616;8,11344108769874;7,54456905969503;1,07898322248678;1,07898322248678;9,08736233791989;9,34631722618526;1,07898322248678;1,07898322248678;9,11131921235848;8,84471958725077;9,16104501563494
"SNU13";8,05133400939112;8,88660691861206;8,97509431469364;8,99386365181247;9,38681509159423;8,82588482127383;1,07898322248678;1,07898322248678;9,35056898044082;1,07898322248678;8,65114995365366;1,07898322248678;9,87298411020743;8,84257445809349;1,07898322248678;8,64951281342584
"EIF4A2";9,62001228469671;9,58360327913286;10,003424977984;9,36748326654082;9,35640345268732;10,1275092092922;9,32955657272328;1,07898322248678;9,6893521233781;1,07898322248678;9,74051248095839;9,0838504888537;9,52441592088226;8,8600379028098;1,07898322248678;1,07898322248678
"PRELP";1,07898322248678;7,49512392028338;1,07898322248678;1,07898322248678;1,07898322248678;1,07898322248678;9,72015458141449;1,07898322248678;1,07898322248678;10,4898267896513;7,08196000509351;9,34318977411932;1,07898322248678;1,07898322248678;1,07898322248678;1,07898322248678
"PTMS";9,26633123009227;6,01017431001567;10,200215051124;10,1089540768366;6,41894274100937;7,8123019917623;8,60754854349839;1,07898322248678;1,07898322248678;1,07898322248678;1,07898322248678;1,07898322248678;1,07898322248678;1,07898322248678;6,37988290084271;8,150479137678
"PCBD1";1,07898322248678;1,07898322248678;1,07898322248678;1,07898322248678;1,07898322248678;1,07898322248678;1,07898322248678;1,07898322248678;1,07898322248678;1,07898322248678;8,2089157479417;9,50191859225954;9,33739826005967;7,97994278623364;7,49883876598826;9,00153904048552
"UGT1A6";7,66715611280897;8,65421592904045;1,07898322248678;1,07898322248678;1,07898322248678;1,07898322248678;8,8512373490198;1,07898322248678;1,07898322248678;1,07898322248678;1,07898322248678;1,07898322248678;8,05529998966341;9,09743821014979;1,07898322248678;9,30810337503615
"GPD1L";1,07898322248678;1,07898322248678;7,78824310539345;9,02804495678406;8,34798318932972;8,04896579090138;1,07898322248678;1,07898322248678;9,71323479075822;8,94577960402278;9,61706936391824;1,07898322248678;1,07898322248678;8,39857163482572;8,65888782245747;5,77020679121113
"CAVIN1";7,56547333663665;1,07898322248678;8,95869402313102;7,33627734323373;8,42619924412025;1,07898322248678;9,87591180774776;7,92281156694811;1,07898322248678;9,7875635489375;6,64022941928267;9,47823217854904;8,39393325819135;1,07898322248678;1,07898322248678;1,07898322248678
"BANF1";7,95066803149443;1,07898322248678;9,36860219503385;9,57528954833981;1,07898322248678;7,74598604470256;8,73267128975098;1,07898322248678;1,07898322248678;1,07898322248678;8,11155840157237;1,07898322248678;1,07898322248678;1,07898322248678;1,07898322248678;6,87497951965059
"FBLN1";8,25480392672772;1,07898322248678;8,37784446789998;1,07898322248678;9,20495212143445;9,03865711183506;7,59155768757035;1,07898322248678;1,07898322248678;9,00446866607303;1,07898322248678;8,01762138263784;8,10426511849879;1,07898322248678;7,85630566480065;1,07898322248678
"S100A9";7,5603471046486;1,07898322248678;8,20267415849491;1,07898322248678;7,53118889374391;8,20440663052939;8,75364681812801;9,36644110716364;1,07898322248678;1,07898322248678;9,0204327511456;1,07898322248678;1,07898322248678;1,07898322248678;1,07898322248678;1,07898322248678
"COX5B";1,07898322248678;8,92789215351432;9,62893013842355;8,71420332437688;8,67149404122884;1,07898322248678;8,78110317530559;9,51068502857445;9,53143986759921;1,07898322248678;8,34772145353202;1,07898322248678;9,04703489192474;8,21028669090528;8,53679646215343;1,07898322248678
"H2BFM";1,07898322248678;9,54545341915002;1,07898322248678;1,07898322248678;1,07898322248678;1,07898322248678;1,07898322248678;10,8427792432203;1,07898322248678;1,07898322248678;1,07898322248678;1,07898322248678;7,53124865227419;9,57262197157379;1,07898322248678;1,07898322248678
"DYNC1I2";1,07898322248678;7,90882526405959;1,07898322248678;1,07898322248678;1,07898322248678;1,07898322248678;7,19067131512299;8,20933384815747;1,07898322248678;1,07898322248678;8,08889085628025;9,34845133044595;8,53649103015256;8,84465506278997;8,75874834278844;8,3079080455734
"BGN";8,3043904823338;7,97171022535219;8,95835214012059;8,09376778853582;6,38703945762069;1,07898322248678;8,75605644375228;9,31780362970557;1,07898322248678;9,8028685608708;8,41554908509659;8,5127382325569;1,07898322248678;1,07898322248678;1,07898322248678;1,07898322248678
"DHRS2";8,48318873430882;1,07898322248678;13,5161400186342;12,8706735373985;10,4989202256368;9,94656367003602;11,1831070435054;1,07898322248678;11,101471841057;10,6262389673438;12,8753571444325;12,3824835071473;10,6943654648634;12,1146143634788;12,2972668728196;11,4819768046645
"CHRM1";1,07898322248678;1,07898322248678;1,07898322248678;1,07898322248678;1,07898322248678;1,07898322248678;6,93733780210503;7,08463402083685;7,96052304235705;1,07898322248678;8,04339423551187;9,17185104281116;9,24019052275615;9,51112205340757;1,07898322248678;1,07898322248678
"RAC3";8,29340470823855;8,88653815844016;1,07898322248678;7,8291209899844;1,07898322248678;8,93314644047051;1,07898322248678;1,07898322248678;1,07898322248678;1,07898322248678;8,53752551241563;8,85496935383765;1,07898322248678;1,07898322248678;1,07898322248678;1,07898322248678
"CTSH";1,07898322248678;8,20955132984695;8,85831057013351;1,07898322248678;1,07898322248678;7,58631834426919;8,14818229322703;9,23315756461879;1,07898322248678;1,07898322248678;7,67147880824342;1,07898322248678;1,07898322248678;8,41820672832315;8,44211292492144;8,60750160801993
"HNRNPA1";10,3234363933705;10,441424605762;10,4118654242244;10,622575075436;10,7764519069743;10,1175728610634;9,94190919036676;11,5166149155532;9,28481693401122;9,42360887600552;10,2507981472025;1,07898322248678;10,0064989007351;1,07898322248678;1,07898322248678;10,4256875946114
"H1FX";8,80001208157179;1,07898322248678;1,07898322248678;9,51967548820552;8,12061271609214;1,07898322248678;7,64259509757978;8,76528680809288;8,26255705923127;1,07898322248678;7,05201854825496;1,07898322248678;1,07898322248678;1,07898322248678;1,07898322248678;1,07898322248678
"RAB25";1,07898322248678;7,45023661698231;1,07898322248678;1,07898322248678;1,07898322248678;1,07898322248678;1,07898322248678;1,07898322248678;9,36797536391778;1,07898322248678;8,67432385393314;1,07898322248678;1,07898322248678;8,43987431349391;8,77567515416709;8,36807767449262
